CS; te; p; issig; te2; p2; issig2
server_id ; 0.274247755851334 ; 0.136666666666667 ;  ; 0.188137847251424 ; 0.696666666666667 ; 
client_id ; 0.201333990298188 ; 0.276666666666667 ;  ; 0.23763174627298 ; 0.32 ; 
client_js_id ; 0.340947628372002 ; 0.31 ;  ; 0.166250333268002 ; 0.84 ; 
