CS; te; p; issig; te2; p2; issig2
server_id ; 0.430153532440987 ; 0.613333333333333 ;  ; 0.412229977595345 ; 0.586666666666667 ; 
client_id ; 0.430153532440987 ; 0.783333333333333 ;  ; 0.444942604791518 ; 0.486666666666667 ; 
client_js_id ; 0.519637734000318 ; 0.333333333333333 ;  ; 0.457882751750351 ; 0.606666666666667 ; 
