CS; te; p; issig; te2; p2; issig2
server_id ; 0.210209964970607 ; 0.726666666666667 ;  ; 0.200737573251157 ; 0.86 ; 
client_id ; 0.188295943202559 ; 0.703333333333333 ;  ; 0.181470922645129 ; 0.846666666666667 ; 
client_js_id ; 0.154864544709895 ; 0.79 ;  ; 0.253806788319218 ; 0.15 ; 
