CS; te; p; issig; te2; p2; issig2
server_id ; 0.183163064142314 ; 0.8 ;  ; 0.176258567421595 ; 0.643333333333333 ; 
client_id ; 0.280136034521948 ; 0.22 ;  ; 0.301982698511548 ; 0.166666666666667 ; 
client_js_id ; 0.190841304816777 ; 0.623333333333333 ;  ; 0.246908089904682 ; 0.163333333333333 ; 
