CS; te; p; issig; te2; p2; issig2
server_id ; 0.301682893445957 ; 0.783333333333333 ;  ; 0.401710628353002 ; 0.353333333333333 ; 
client_id ; 0.211084230839205 ; 0.886666666666667 ;  ; 0.448316912598174 ; 0.0433333333333333 ; *
client_js_id ; 0.211084230839205 ; 0 ; * ; 0.235632356330705 ; 0.536666666666667 ; 
