CS; te; p; issig; te2; p2; issig2
server_id ; 0.215963386523197 ; 0.153333333333333 ;  ; 0.105943790081697 ; 0.956666666666667 ; 
client_id ; 0.232031708426322 ; 0.273333333333333 ;  ; 0.168100171030287 ; 0.64 ; 
client_js_id ; 0.232440813835953 ; 0.2 ;  ; 0.152804522490956 ; 0.84 ; 
