CS; te; p; issig; te2; p2; issig2
server_id ; 0.264127481533631 ; 0.98 ;  ; 0.379577588352794 ; 0.48 ; 
client_id ; 0.484860145335423 ; 0 ; * ; 0.365400996630885 ; 0.67 ; 
client_js_id ; 0.309095588185723 ; 0.97 ;  ; 0.429473808289566 ; 0.423333333333333 ; 
