CS; te; p; issig; te2; p2; issig2
server_id ; 0.188502311498727 ; 0.0166666666666667 ; * ; 0.283898585561676 ; 0.303333333333333 ; 
client_id ; 0.220210201677588 ; 0.816666666666667 ;  ; 0.295595556585035 ; 0.133333333333333 ; 
client_js_id ; 0.153879505520834 ; 0.943333333333333 ;  ; 0.321298366601348 ; 0.19 ; 
