CS; te; p; issig; te2; p2; issig2
server_id ; 0.187384332407504 ; 0.896666666666667 ;  ; 0.397436635663776 ; 0.133333333333333 ; 
client_id ; 0.187384332407504 ; 0 ; * ; 0.33109650892283 ; 0.153333333333333 ; 
client_js_id ; 0.187384332407504 ; 0 ; * ; 0.239689895292825 ; 0.243333333333333 ; 
