CS; te; p; issig; te2; p2; issig2
server_id ; 0.21957523036714 ; 0.00333333333333333 ; * ; 0.143593155526267 ; 0.836666666666667 ; 
client_id ; 0.276744891089236 ; 0.743333333333333 ;  ; 0.142684130970736 ; 0.8 ; 
client_js_id ; 0.255686626762227 ; 0.796666666666667 ;  ; 0.19394818683563 ; 0.69 ; 
