CS; te; p; issig; te2; p2; issig2
server_id ; 0.16459160581173 ; 0.836666666666667 ;  ; 0.145863911772169 ; 0.87 ; 
client_id ; 0.141121650458984 ; 0.836666666666667 ;  ; 0.195799726762567 ; 0.546666666666667 ; 
client_js_id ; 0.143296662096567 ; 0.996666666666667 ;  ; 0.200653651675574 ; 0.703333333333333 ; 
