CS; te; p; issig; te2; p2; issig2
server_id ; 0.285469990256287 ; 0.76 ;  ; 0.209820774045306 ; 0.933333333333333 ; 
client_id ; 0.155548760423855 ; 0 ; * ; 0.2717606193088 ; 0.583333333333333 ; 
client_js_id ; 0.0796736100121216 ; 0 ; * ; 0.11165470273126 ; 0.596666666666667 ; 
