CS; te; p; issig; te2; p2; issig2
server_id ; 0.214138257641851 ; 0.736666666666667 ;  ; 0.127456685379182 ; 0.00666666666666667 ; *
client_id ; 0.172926418810366 ; 0.613333333333333 ;  ; 0.170488828520257 ; 0.00333333333333333 ; *
client_js_id ; 0.117471759874396 ; 0.926666666666667 ;  ; 0.243075190386824 ; 0 ; *
