CS; te; p; issig; te2; p2; issig2
server_id ; 0.218925067148422 ; 0.576666666666667 ;  ; 0.206530320332122 ; 0.49 ; 
client_id ; 0.0861923027698983 ; 0.996666666666667 ;  ; 0.192652129565595 ; 0.66 ; 
client_js_id ; 0.144853945673464 ; 0.83 ;  ; 0.116930396471404 ; 0.883333333333333 ; 
