CS; te; p; issig; te2; p2; issig2
server_id ; 0.27059919769095 ; 0.45 ;  ; 0.161510834923745 ; 0.92 ; 
client_id ; 0.174247850676251 ; 0.773333333333333 ;  ; 0.141961301945888 ; 0.896666666666667 ; 
client_js_id ; 0.138777365011974 ; 0.853333333333333 ;  ; 0.211973886729733 ; 0.353333333333333 ; 
