CS; te; p; issig; te2; p2; issig2
server_id ; 0.200257438881755 ; 0.246666666666667 ;  ; 0.113585943281583 ; 0.886666666666667 ; 
client_id ; 0.172124325590971 ; 0.826666666666667 ;  ; 0.103560002980969 ; 0.993333333333333 ; 
client_js_id ; 0.191383276108794 ; 0.566666666666667 ;  ; 0.169931838135149 ; 0.746666666666667 ; 
