CS; te; p; issig; te2; p2; issig2
server_id ; 0.475922301642077 ; 0 ; * ; 0.552474027202608 ; 0.186666666666667 ; 
client_id ; 0.475922301642077 ; 0.22 ;  ; 0.499325845407571 ; 0.253333333333333 ; 
client_js_id ; 0.092392655928174 ; 0.796666666666667 ;  ; 0.175812090133989 ; 0.713333333333333 ; 
