CS; te; p; issig; te2; p2; issig2
server_id ; 0.191135801580637 ; 0.0233333333333333 ; * ; 0.288528315658186 ; 0.286666666666667 ; 
client_id ; 0.239867133181631 ; 0.716666666666667 ;  ; 0.260033747333535 ; 0.363333333333333 ; 
client_js_id ; 0.169243503207475 ; 0.926666666666667 ;  ; 0.280395028236998 ; 0.403333333333333 ; 
