CS; te; p; issig; te2; p2; issig2
server_id ; 0.345383083203984 ; 0.136666666666667 ;  ; 0.230345736074626 ; 0.476666666666667 ; 
client_id ; 0.25253322833968 ; 0.333333333333333 ;  ; 0.27259015708226 ; 0.363333333333333 ; 
client_js_id ; 0.224931387595322 ; 0.443333333333333 ;  ; 0.187641251104056 ; 0.59 ; 
