CS; te; p; issig; te2; p2; issig2
server_id ; 0.198299115453474 ; 0.95 ;  ; 0.401710628353002 ; 0.406666666666667 ; 
client_id ; 0.198299115453474 ; 0.95 ;  ; 0.448316912598174 ; 0.0333333333333333 ; *
client_js_id ; 0.198299115453474 ; 0 ; * ; 0.235632356330705 ; 0.6 ; 
