CS; te; p; issig; te2; p2; issig2
server_id ; 0.622032093454202 ; 0.0666666666666667 ;  ; 0.238536749777176 ; 0.946666666666667 ; 
client_id ; 0.555730130747359 ; 0 ; * ; 0.276276777766678 ; 0.743333333333333 ; 
client_js_id ; 0.165718051942205 ; 0 ; * ; 0.0626260567817199 ; 0.903333333333333 ; 
