CS; te; p; issig; te2; p2; issig2
server_id ; 0.153449256613343 ; 0.933333333333333 ;  ; 0.176886033511441 ; 0.91 ; 
client_id ; 0.225284756521654 ; 0.74 ;  ; 0.372036748010905 ; 0.11 ; 
client_js_id ; 0.219095623051212 ; 0.676666666666667 ;  ; 0.21944269773021 ; 0.5 ; 
