CS; te; p; issig; te2; p2; issig2
server_id ; 0.18758971616454 ; 0.706666666666667 ;  ; 0.130345882122796 ; 0.88 ; 
client_id ; 0.231209283904817 ; 0.743333333333333 ;  ; 0.212256164075817 ; 0.373333333333333 ; 
client_js_id ; 0.185552000936633 ; 0.84 ;  ; 0.157544851705169 ; 0.893333333333333 ; 
