CS; te; p; issig; te2; p2; issig2
server_id ; 0.328923775821422 ; 0.57 ;  ; 0.22931021522457 ; 0.89 ; 
client_id ; 0.0934057183675914 ; 0 ; * ; 0.199264289421955 ; 0.78 ; 
client_js_id ; 0.0673496716456474 ; 0 ; * ; 0.11165470273126 ; 0.516666666666667 ; 
