CS; te; p; issig; te2; p2; issig2
server_id ; 0.145786843110407 ; 0.953333333333333 ;  ; 0.199431456472022 ; 0.723333333333333 ; 
client_id ; 0.131450760891705 ; 0.996666666666667 ;  ; 0.187800101394116 ; 0.746666666666667 ; 
client_js_id ; 0.134889688402056 ; 0.996666666666667 ;  ; 0.138002159294602 ; 0.893333333333333 ; 
