CS; te; p; issig; te2; p2; issig2
server_id ; 0.183671782218231 ; 0.953333333333333 ;  ; 0.190498254922484 ; 0.743333333333333 ; 
client_id ; 0.183671782218231 ; 0 ; * ; 0.397436635663778 ; 0.126666666666667 ; 
client_js_id ; 0.183671782218231 ; 0 ; * ; 0.209212892429891 ; 0.593333333333333 ; 
