CS; te; p; issig; te2; p2; issig2
server_id ; 0.256686279212642 ; 0 ; * ; 0.136935109326983 ; 0.966666666666667 ; 
client_id ; 0.297251539510813 ; 0.703333333333333 ;  ; 0.22398705659861 ; 0.533333333333333 ; 
client_js_id ; 0.236985373766173 ; 0.893333333333333 ;  ; 0.203520628884088 ; 0.88 ; 
