CS; te; p; issig; te2; p2; issig2
server_id ; 0.219857192448071 ; 0.943333333333333 ;  ; 0.15878397349031 ; 0.966666666666667 ; 
client_id ; 0.143759582009271 ; 1 ;  ; 0.210625008931036 ; 0.923333333333333 ; 
client_js_id ; 0.346452243907873 ; 0.773333333333333 ;  ; 0.370778395162877 ; 0.49 ; 
