CS; te; p; issig; te2; p2; issig2
server_id ; 0.150223231937643 ; 0.743333333333333 ;  ; 0.101244910998962 ; 0.666666666666667 ; 
client_id ; 0.0905997715939708 ; 1 ;  ; 0.150079415614907 ; 0.26 ; 
client_js_id ; 0.15097258950129 ; 0.833333333333333 ;  ; 0.157389206957319 ; 0.32 ; 
