CS; te; p; issig; te2; p2; issig2
server_id ; 0.204145816007687 ; 0.973333333333333 ;  ; 0.2156620441193 ; 0.71 ; 
client_id ; 0.223317748594507 ; 0 ; * ; 0.135351592920575 ; 0.626666666666667 ; 
client_js_id ; 0.21588583124934 ; 0.82 ;  ; 0.153487707810863 ; 0.73 ; 
