CS; te; p; issig; te2; p2; issig2
server_id ; 0.163752214767266 ; 0.586666666666667 ;  ; 0.255004858419487 ; 0.106666666666667 ; 
client_id ; 0.181630134884296 ; 0.39 ;  ; 0.281927057790219 ; 0.103333333333333 ; 
client_js_id ; 0.120625298679504 ; 0.566666666666667 ;  ; 0.153872464138287 ; 0.493333333333333 ; 
