CS; te; p; issig; te2; p2; issig2
server_id ; 0.212434288141956 ; 0.453333333333333 ;  ; 0.308166444129682 ; 0.126666666666667 ; 
client_id ; 0.381252335309925 ; 0.0666666666666667 ;  ; 0.471259050637036 ; 0.00333333333333333 ; *
client_js_id ; 0.106204853801331 ; 0.926666666666667 ;  ; 0.29302683621432 ; 0.143333333333333 ; 
