CS; te; p; issig; te2; p2; issig2
server_id ; 0.204389442042714 ; 0.233333333333333 ;  ; 0.188383315076447 ; 0.61 ; 
client_id ; 0.187020277523635 ; 0.0133333333333333 ; * ; 0.424522811154563 ; 0.03 ; *
client_js_id ; 0.0805843763103595 ; 0.79 ;  ; 0.0767587743913964 ; 0.933333333333333 ; 
