CS; te; p; issig; te2; p2; issig2
server_id ; 0.159413793700183 ; 0.71 ;  ; 0.259240658659905 ; 0.146666666666667 ; 
client_id ; 0.172220869758837 ; 0.683333333333333 ;  ; 0.164140989337494 ; 0.56 ; 
client_js_id ; 0.119748526342332 ; 0.896666666666667 ;  ; 0.104287144248018 ; 0.87 ; 
