CS; te; p; issig; te2; p2; issig2
server_id ; 0.659144755119066 ; 0.206666666666667 ;  ; 0.319305891679954 ; 0.98 ; 
client_id ; 0.666062395402345 ; 0.1 ;  ; 0.473496946399742 ; 0.693333333333333 ; 
client_js_id ; 0.603803120655769 ; 0.296666666666667 ;  ; 0.559325171906234 ; 0.576666666666667 ; 
