CS; te; p; issig; te2; p2; issig2
server_id ; 0.1956767210342 ; 0.623333333333333 ;  ; 0.182375703757197 ; 0.54 ; 
client_id ; 0.264627893924831 ; 0 ; * ; 0.0742200004738796 ; 0.973333333333333 ; 
client_js_id ; 0.21006798671418 ; 0.0233333333333333 ; * ; 0.0890422398851864 ; 0.936666666666667 ; 
