CS; te; p; issig; te2; p2; issig2
server_id ; 0.146496195849224 ; 0.806666666666667 ;  ; 0.209348465816663 ; 0.38 ; 
client_id ; 0.21699346342678 ; 0.3 ;  ; 0.190871675497259 ; 0.393333333333333 ; 
client_js_id ; 0.189607476986687 ; 0.586666666666667 ;  ; 0.172546102715956 ; 0.44 ; 
