CS; te; p; issig; te2; p2; issig2
server_id ; 0.351029507320887 ; 0.116666666666667 ;  ; 0.211490553504172 ; 0.433333333333333 ; 
client_id ; 0.184373742148959 ; 0.0266666666666667 ; * ; 0.127328577548733 ; 0.77 ; 
client_js_id ; 0.243749482046493 ; 0.586666666666667 ;  ; 0.228715151733656 ; 0.523333333333333 ; 
