CS; te; p; issig; te2; p2; issig2
server_id ; 0.113319235310948 ; 0.143333333333333 ;  ; 0.0787198091721312 ; 0.546666666666667 ; 
client_id ; 0.0632309660343513 ; 0.963333333333333 ;  ; 0.136133141738609 ; 0.0466666666666667 ; *
client_js_id ; 0.118497359655283 ; 0.35 ;  ; 0.141901040801127 ; 0.0733333333333333 ; 
