CS; te; p; issig; te2; p2; issig2
server_id ; 0.153885133804559 ; 0.916666666666667 ;  ; 0.178002288278132 ; 0.883333333333333 ; 
client_id ; 0.170680423740166 ; 0.816666666666667 ;  ; 0.183044974417417 ; 0.813333333333333 ; 
client_js_id ; 0.162633621404713 ; 0.783333333333333 ;  ; 0.254285083993945 ; 0.126666666666667 ; 
