CS; te; p; issig; te2; p2; issig2
server_id ; 0.1135866830162 ; 0.93 ;  ; 0.125335219453761 ; 0.853333333333333 ; 
client_id ; 0.196147560170687 ; 0.646666666666667 ;  ; 0.209718151421064 ; 0.303333333333333 ; 
client_js_id ; 0.17790593942435 ; 0.756666666666667 ;  ; 0.183911309283646 ; 0.676666666666667 ; 
