CS; te; p; issig; te2; p2; issig2
server_id ; 0.27774738583561 ; 0.993333333333333 ;  ; 0.393208355622919 ; 0.5 ; 
client_id ; 0.53669209211024 ; 0 ; * ; 0.434903668239782 ; 0.61 ; 
client_js_id ; 0.288097901515685 ; 0.99 ;  ; 0.427712011611567 ; 0.553333333333333 ; 
