CS; te; p; issig; te2; p2; issig2
server_id ; 0.340659566631433 ; 0.763333333333333 ;  ; 0.367288947954599 ; 0.733333333333333 ; 
client_id ; 0.38560059627218 ; 0.77 ;  ; 0.444942604791518 ; 0.513333333333333 ; 
client_js_id ; 0.38560059627218 ; 0.646666666666667 ;  ; 0.457882751750351 ; 0.61 ; 
