CS; te; p; issig; te2; p2; issig2
server_id ; 0.612881409553054 ; 0.03 ; * ; 0.412985807007503 ; 0.526666666666667 ; 
client_id ; 0.621918404058018 ; 0 ; * ; 0.431191979301619 ; 0.19 ; 
client_js_id ; 0.103121705494659 ; 0 ; * ; 0.0744269682845527 ; 0.9 ; 
