CS; te; p; issig; te2; p2; issig2
server_id ; 0.225767262790683 ; 0.363333333333333 ;  ; 0.245203866178289 ; 0.09 ; 
client_id ; 0.223564950602113 ; 0.273333333333333 ;  ; 0.288158989822386 ; 0.0533333333333333 ; 
client_js_id ; 0.253015805193998 ; 0.1 ;  ; 0.136817513001362 ; 0.526666666666667 ; 
