CS; te; p; issig; te2; p2; issig2
server_id ; 0.466284980435009 ; 0.0833333333333333 ;  ; 0.377852386463341 ; 0.676666666666667 ; 
client_id ; 0.445764482117281 ; 0.146666666666667 ;  ; 0.365863538094198 ; 0.316666666666667 ; 
client_js_id ; 0.53077248898329 ; 0 ; * ; 0.279784646772912 ; 0.57 ; 
