CS; te; p; issig; te2; p2; issig2
server_id ; 0.116080339188135 ; 0.0666666666666667 ;  ; 0.223868324898037 ; 0.32 ; 
client_id ; 0.34081353471389 ; 0.0266666666666667 ; * ; 0.148318811913647 ; 0.746666666666667 ; 
client_js_id ; 0.232485506031597 ; 0.306666666666667 ;  ; 0.31610156187293 ; 0.0666666666666667 ; 
