CS; te; p; issig; te2; p2; issig2
server_id ; 0.122370369028686 ; 0.57 ;  ; 0.175546331359382 ; 0.513333333333333 ; 
client_id ; 0.142081156830291 ; 0.49 ;  ; 0.169680290746982 ; 0.483333333333333 ; 
client_js_id ; 0.27865310733551 ; 0.19 ;  ; 0.188815159585047 ; 0.486666666666667 ; 
