CS; te; p; issig; te2; p2; issig2
server_id ; 0.10746474963243 ; 0.936666666666667 ;  ; 0.182093827443277 ; 0.713333333333333 ; 
client_id ; 0.170840053834275 ; 0.163333333333333 ;  ; 0.10432930437522 ; 0.976666666666667 ; 
client_js_id ; 0.219248127790106 ; 0.296666666666667 ;  ; 0.176172572255058 ; 0.44 ; 
