CS; te; p; issig; te2; p2; issig2
server_id ; 0.203340998789469 ; 0.546666666666667 ;  ; 0.207772442915755 ; 0.57 ; 
client_id ; 0.217393538637468 ; 0.0766666666666667 ;  ; 0.0914192832903882 ; 0.99 ; 
client_js_id ; 0.226905366395291 ; 0.24 ;  ; 0.162602533445878 ; 0.526666666666667 ; 
