CS; te; p; issig; te2; p2; issig2
server_id ; 0.168763085633507 ; 0.0133333333333333 ; * ; 0.0902449278424994 ; 0.846666666666667 ; 
client_id ; 0.176441871267798 ; 0.0866666666666667 ;  ; 0.0919567438600324 ; 0.91 ; 
client_js_id ; 0.209722236314407 ; 0.00333333333333333 ; * ; 0.178269985146685 ; 0.156666666666667 ; 
