CS; te; p; issig; te2; p2; issig2
server_id ; 0.325882327368811 ; 0.82 ;  ; 0.394494041857542 ; 0.553333333333333 ; 
client_id ; 0.613378187246179 ; 0 ; * ; 0.311902662952806 ; 0.863333333333333 ; 
client_js_id ; 0.350223503041938 ; 0.843333333333333 ;  ; 0.367935574614958 ; 0.693333333333333 ; 
