CS; te; p; issig; te2; p2; issig2
server_id ; 0.125852674019128 ; 0.0766666666666667 ;  ; 0.285060167763182 ; 0.0866666666666667 ; 
client_id ; 0.212766120738841 ; 0.426666666666667 ;  ; 0.201233271507465 ; 0.423333333333333 ; 
client_js_id ; 0.135737813809932 ; 0.856666666666667 ;  ; 0.10895123956694 ; 0.94 ; 
