CS; te; p; issig; te2; p2; issig2
server_id ; 0.114774002951355 ; 0.556666666666667 ;  ; 0.0972325080113844 ; 0.946666666666667 ; 
client_id ; 0.174972399234214 ; 0.2 ;  ; 0.21514723652202 ; 0.263333333333333 ; 
client_js_id ; 0.30452096865094 ; 0.0833333333333333 ;  ; 0.174328143445805 ; 0.62 ; 
