CS; te; p; issig; te2; p2; issig2
server_id ; 0.521148136571193 ; 0.0866666666666667 ;  ; 0.466160146740231 ; 0.436666666666667 ; 
client_id ; 0.355040622815714 ; 0.613333333333333 ;  ; 0.370409094976428 ; 0.34 ; 
client_js_id ; 0.257275782254541 ; 0 ; * ; 0.275456454748986 ; 0.586666666666667 ; 
