CS; te; p; issig; te2; p2; issig2
server_id ; 0 ; 0 ; * ; 0.317543927070325 ; 0.25 ; 
client_id ; 0 ; 0.87 ;  ; 0.137207221611815 ; 0.686666666666667 ; 
client_js_id ; 0 ; 0.783333333333333 ;  ; 0.312723066917714 ; 0.0566666666666667 ; 
