CS; te; p; issig; te2; p2; issig2
server_id ; 0.274816348312127 ; 0.55 ;  ; 0.217956638057065 ; 0.563333333333333 ; 
client_id ; 0.215520085268252 ; 0.763333333333333 ;  ; 0.26866498887202 ; 0.466666666666667 ; 
client_js_id ; 0.167811828415401 ; 0.88 ;  ; 0.171111415444576 ; 0.706666666666667 ; 
