CS; te; p; issig; te2; p2; issig2
server_id ; 0.214756990509544 ; 0.95 ;  ; 0.45296495584467 ; 0.0533333333333333 ; 
client_id ; 0.359865280335167 ; 0 ; * ; 0.315533148611053 ; 0.626666666666667 ; 
client_js_id ; 0.265014082096951 ; 0.916666666666667 ;  ; 0.309656646759553 ; 0.66 ; 
