CS; te; p; issig; te2; p2; issig2
server_id ; 0.190382043085912 ; 0.656666666666667 ;  ; 0.104525591301828 ; 0.983333333333333 ; 
client_id ; 0.203253127239976 ; 0.52 ;  ; 0.204799171230913 ; 0.58 ; 
client_js_id ; 0.155288625020902 ; 0.99 ;  ; 0.155245964153202 ; 0.94 ; 
