CS; te; p; issig; te2; p2; issig2
server_id ; 0.351585083143445 ; 0.466666666666667 ;  ; 0.209820774045306 ; 0.95 ; 
client_id ; 0.221663853311013 ; 0 ; * ; 0.2717606193088 ; 0.633333333333333 ; 
client_js_id ; 0.0847384069949902 ; 0 ; * ; 0.11165470273126 ; 0.613333333333333 ; 
