CS; te; p; issig; te2; p2; issig2
server_id ; 0.247212901120517 ; 0.273333333333333 ;  ; 0.17522428103894 ; 0.606666666666667 ; 
client_id ; 0.456431951405617 ; 0 ; * ; 0.243998879668836 ; 0.373333333333333 ; 
client_js_id ; 0.345039336128344 ; 0.04 ; * ; 0.303457432968791 ; 0.0533333333333333 ; 
