CS; te; p; issig; te2; p2; issig2
server_id ; 0.106858544561088 ; 0.96 ;  ; 0.175664932812033 ; 0.62 ; 
client_id ; 0.234560059597747 ; 0.323333333333333 ;  ; 0.25009352413422 ; 0.353333333333333 ; 
client_js_id ; 0.333425371942362 ; 0.0333333333333333 ; * ; 0.199615117111263 ; 0.396666666666667 ; 
