CS; te; p; issig; te2; p2; issig2
server_id ; 0.293191701680092 ; 0.926666666666667 ;  ; 0.451779308297523 ; 0.12 ; 
client_id ; 0.272425223185575 ; 0.99 ;  ; 0.325012743686677 ; 0.533333333333333 ; 
client_js_id ; 0.432089228042602 ; 0.57 ;  ; 0.450326503663752 ; 0.176666666666667 ; 
