CS; te; p; issig; te2; p2; issig2
server_id ; 0.209885832643125 ; 0.74 ;  ; 0.241181080840966 ; 0.483333333333333 ; 
client_id ; 0.279861706203513 ; 0.353333333333333 ;  ; 0.169897070773524 ; 0.78 ; 
client_js_id ; 0.141832029410029 ; 0.913333333333333 ;  ; 0.18795242160517 ; 0.573333333333333 ; 
