CS; te; p; issig; te2; p2; issig2
server_id ; 0.424177770838313 ; 0.0566666666666667 ;  ; 0.133170435308464 ; 0.913333333333333 ; 
client_id ; 0.318379799285242 ; 0 ; * ; 0.180372794647037 ; 0.716666666666667 ; 
client_js_id ; 0.213577107584989 ; 0.903333333333333 ;  ; 0.219284932113187 ; 0.756666666666667 ; 
