CS; te; p; issig; te2; p2; issig2
server_id ; 0.535756777478952 ; 0.236666666666667 ;  ; 0.389951751935143 ; 0.656666666666667 ; 
client_id ; 0.40839815625991 ; 0.546666666666667 ;  ; 0.540589736179475 ; 0.126666666666667 ; 
client_js_id ; 0.425724156989786 ; 0.776666666666667 ;  ; 0.393054272069186 ; 0.586666666666667 ; 
