CS; te; p; issig; te2; p2; issig2
server_id ; 0.184414417363682 ; 0.02 ; * ; 0.110377937804151 ; 0.986666666666667 ; 
client_id ; 0.241097050187948 ; 0.723333333333333 ;  ; 0.252277426380725 ; 0.323333333333333 ; 
client_js_id ; 0.26269436641943 ; 0.543333333333333 ;  ; 0.320345701749225 ; 0.173333333333333 ; 
