CS; te; p; issig; te2; p2; issig2
server_id ; 0.383073730404374 ; 0.696666666666667 ;  ; 0.303754657826243 ; 0.826666666666667 ; 
client_id ; 0.469960497930826 ; 0.59 ;  ; 0.431796841837166 ; 0.386666666666667 ; 
client_js_id ; 0.383073730404374 ; 0 ; * ; 0.23030552328421 ; 0.886666666666667 ; 
