CS; te; p; issig; te2; p2; issig2
server_id ; 0.339177451690049 ; 0 ; * ; 0.192582666405125 ; 0.94 ; 
client_id ; 0.339177451690049 ; 0.153333333333333 ;  ; 0.364627679883566 ; 0.74 ; 
client_js_id ; 0.339177451690049 ; 0.37 ;  ; 0.197737992285739 ; 0.973333333333333 ; 
