CS; te; p; issig; te2; p2; issig2
server_id ; 0.151600296687571 ; 0.913333333333333 ;  ; 0.16790388184361 ; 0.633333333333333 ; 
client_id ; 0.245350615036152 ; 0.69 ;  ; 0.223711233840126 ; 0.31 ; 
client_js_id ; 0.203950797642127 ; 0.796666666666667 ;  ; 0.190458871224105 ; 0.693333333333333 ; 
