CS; te; p; issig; te2; p2; issig2
server_id ; 0.189444386182157 ; 0.00333333333333333 ; * ; 0.102841166366518 ; 0.98 ; 
client_id ; 0.252573555314706 ; 0.783333333333333 ;  ; 0.0819979559719398 ; 0.996666666666667 ; 
client_js_id ; 0.158665532657008 ; 0.973333333333333 ;  ; 0.296230314524974 ; 0.256666666666667 ; 
