CS; te; p; issig; te2; p2; issig2
server_id ; 0.193898599496998 ; 0.676666666666667 ;  ; 0.135181950379528 ; 0.943333333333333 ; 
client_id ; 0.130310550140619 ; 0.893333333333333 ;  ; 0.197131956588053 ; 0.6 ; 
client_js_id ; 0.267622430671785 ; 0.87 ;  ; 0.215032702260977 ; 0.74 ; 
