CS; te; p; issig; te2; p2; issig2
server_id ; 0.287536918461192 ; 0.716666666666667 ;  ; 0.13715681925508 ; 0.983333333333333 ; 
client_id ; 0.160414899581188 ; 0 ; * ; 0.2717606193088 ; 0.6 ; 
client_js_id ; 0.0990151712558338 ; 0 ; * ; 0.111654702731262 ; 0.613333333333333 ; 
