CS; te; p; issig; te2; p2; issig2
server_id ; 0.149623241430125 ; 0.986666666666667 ;  ; 0.379301285197221 ; 0.15 ; 
client_id ; 0.368395201903199 ; 0 ; * ; 0.315533148611053 ; 0.513333333333333 ; 
client_js_id ; 0.296205930719001 ; 0.903333333333333 ;  ; 0.311346624480674 ; 0.493333333333333 ; 
