CS; te; p; issig; te2; p2; issig2
server_id ; 0.18522063744626 ; 0.77 ;  ; 0.228239718810584 ; 0.46 ; 
client_id ; 0.14501257785963 ; 0.906666666666667 ;  ; 0.296455747861579 ; 0.266666666666667 ; 
client_js_id ; 0.151909584660763 ; 0.84 ;  ; 0.124772563935951 ; 0.9 ; 
