CS; te; p; issig; te2; p2; issig2
server_id ; 0.206482133327353 ; 0.65 ;  ; 0.224834142017831 ; 0.483333333333333 ; 
client_id ; 0.277584252392646 ; 0.363333333333333 ;  ; 0.404021465464334 ; 0.0733333333333333 ; 
client_js_id ; 0.19664761421662 ; 0.71 ;  ; 0.248783472649567 ; 0.406666666666667 ; 
