CS; te; p; issig; te2; p2; issig2
server_id ; 0.397459470627633 ; 0.536666666666667 ;  ; 0.335471048636396 ; 0.67 ; 
client_id ; 0.54264381597601 ; 0 ; * ; 0.282721798645176 ; 0.883333333333333 ; 
client_js_id ; 0.370814046471791 ; 0.72 ;  ; 0.387484932749275 ; 0.58 ; 
