CS; te; p; issig; te2; p2; issig2
server_id ; 0.309998178349247 ; 0.95 ;  ; 0.40314648722433 ; 0.676666666666667 ; 
client_id ; 0.523891742886832 ; 0.543333333333333 ;  ; 0.401995668182798 ; 0.683333333333333 ; 
client_js_id ; 0.400435485382421 ; 0.87 ;  ; 0.319463530104064 ; 0.906666666666667 ; 
