CS; te; p; issig; te2; p2; issig2
server_id ; 0.17981361464286 ; 0.04 ; * ; 0.282032108518078 ; 0.103333333333333 ; 
client_id ; 0.213452087776506 ; 0.463333333333333 ;  ; 0.144648309072219 ; 0.73 ; 
client_js_id ; 0.150418221049399 ; 0.783333333333333 ;  ; 0.159566144406365 ; 0.726666666666667 ; 
