CS; te; p; issig; te2; p2; issig2
server_id ; 0.165327819373731 ; 0.726666666666667 ;  ; 0.211554732098336 ; 0.523333333333333 ; 
client_id ; 0.18501358098491 ; 0.123333333333333 ;  ; 0.101872166537407 ; 0.973333333333333 ; 
client_js_id ; 0.206949469584403 ; 0.32 ;  ; 0.220510166878103 ; 0.18 ; 
