CS; te; p; issig; te2; p2; issig2
server_id ; 0.467532395812967 ; 0.126666666666667 ;  ; 0.466160146740231 ; 0.386666666666667 ; 
client_id ; 0.357428887093084 ; 0.523333333333333 ;  ; 0.342903811312215 ; 0.346666666666667 ; 
client_js_id ; 0.291114490969695 ; 0 ; * ; 0.366954546111397 ; 0.25 ; 
