CS; te; p; issig; te2; p2; issig2
server_id ; 0.179606265984618 ; 0.2 ;  ; 0.16295684559594 ; 0.63 ; 
client_id ; 0.173053565770111 ; 0.246666666666667 ;  ; 0.16040078931151 ; 0.6 ; 
client_js_id ; 0.342508953921744 ; 0.0466666666666667 ; * ; 0.184209423307678 ; 0.566666666666667 ; 
