CS; te; p; issig; te2; p2; issig2
server_id ; 0.478147721728047 ; 0 ; * ; 0.552474027202608 ; 0.1 ; 
client_id ; 0.603738752917717 ; 0.04 ; * ; 0.499325845407571 ; 0.23 ; 
client_js_id ; 0.220209107203814 ; 0.583333333333333 ;  ; 0.175812090133989 ; 0.703333333333333 ; 
