CS; te; p; issig; te2; p2; issig2
server_id ; 0.274685914176673 ; 0.99 ;  ; 0.487503336041213 ; 0.156666666666667 ; 
client_id ; 0.488724994866975 ; 0 ; * ; 0.365400996630885 ; 0.733333333333333 ; 
client_js_id ; 0.454896606081628 ; 0.856666666666667 ;  ; 0.500541645056423 ; 0.25 ; 
