CS; te; p; issig; te2; p2; issig2
server_id ; 0.276933653414505 ; 0.28 ;  ; 0.258774084398185 ; 0.133333333333333 ; 
client_id ; 0.176536272861148 ; 0.553333333333333 ;  ; 0.219737133115654 ; 0.376666666666667 ; 
client_js_id ; 0.131087302209356 ; 0.753333333333333 ;  ; 0.110085556799145 ; 0.803333333333333 ; 
