CS; te; p; issig; te2; p2; issig2
server_id ; 0.206514340342866 ; 0.286666666666667 ;  ; 0.114974576232824 ; 0.916666666666667 ; 
client_id ; 0.204657377480543 ; 0.63 ;  ; 0.178571622371446 ; 0.59 ; 
client_js_id ; 0.190816755083246 ; 0.653333333333333 ;  ; 0.132854582866823 ; 0.97 ; 
