CS; te; p; issig; te2; p2; issig2
server_id ; 0.686716929124731 ; 0.2 ;  ; 0.44219437559481 ; 0.553333333333333 ; 
client_id ; 0.573753266887116 ; 0.393333333333333 ;  ; 0.617021227202909 ; 0.26 ; 
client_js_id ; 0.261248189379289 ; 0.413333333333333 ;  ; 0.253626202736563 ; 0.67 ; 
