CS; te; p; issig; te2; p2; issig2
server_id ; 0.430609501133598 ; 0.57 ;  ; 0.475576654247103 ; 0.436666666666667 ; 
client_id ; 0.649799692021316 ; 0 ; * ; 0.32905999739617 ; 0.95 ; 
client_js_id ; 0.397128002982948 ; 0.786666666666667 ;  ; 0.332079885208176 ; 0.876666666666667 ; 
