CS; te; p; issig; te2; p2; issig2
server_id ; 0.126232470630562 ; 0.54 ;  ; 0.112314936522785 ; 0.893333333333333 ; 
client_id ; 0.105381378451764 ; 0.67 ;  ; 0.212443429595822 ; 0.26 ; 
client_js_id ; 0.29817148374479 ; 0.15 ;  ; 0.179611977381772 ; 0.546666666666667 ; 
