CS; te; p; issig; te2; p2; issig2
server_id ; 0.176083165349166 ; 0.613333333333333 ;  ; 0.199821315615395 ; 0.423333333333333 ; 
client_id ; 0.180185808212054 ; 0.123333333333333 ;  ; 0.0867301339823746 ; 0.953333333333333 ; 
client_js_id ; 0.147262440694654 ; 0.58 ;  ; 0.15765223410572 ; 0.433333333333333 ; 
