CS; te; p; issig; te2; p2; issig2
server_id ; 0.166843034628162 ; 0.0266666666666667 ; * ; 0.0758831396169571 ; 0.99 ; 
client_id ; 0.20006921488048 ; 0.04 ; * ; 0.151380373046357 ; 0.526666666666667 ; 
client_js_id ; 0.171197646809258 ; 0.123333333333333 ;  ; 0.145539362783287 ; 0.71 ; 
