CS; te; p; issig; te2; p2; issig2
server_id ; 0.475896533315196 ; 0.326666666666667 ;  ; 0.382540384279924 ; 0.663333333333333 ; 
client_id ; 0.668664588846278 ; 0 ; * ; 0.337815412355881 ; 0.583333333333333 ; 
client_js_id ; 0.117412329143243 ; 0 ; * ; 0.0780746053852075 ; 0.883333333333333 ; 
