CS; te; p; issig; te2; p2; issig2
server_id ; 0.714117269785721 ; 0 ; * ; 0.466160146740231 ; 0.453333333333333 ; 
client_id ; 0.371954511752822 ; 0.476666666666667 ;  ; 0.368215291655477 ; 0.266666666666667 ; 
client_js_id ; 0.529878668838351 ; 0 ; * ; 0.285473811309627 ; 0.583333333333333 ; 
