CS; te; p; issig; te2; p2; issig2
server_id ; 0.105893278378406 ; 0.0833333333333333 ;  ; 0.250187575661504 ; 0.203333333333333 ; 
client_id ; 0.194631408086597 ; 0.486666666666667 ;  ; 0.191443713418961 ; 0.493333333333333 ; 
client_js_id ; 0.17078212385089 ; 0.64 ;  ; 0.220134456430962 ; 0.39 ; 
